{"cameraMode":{"drawMode":0,"name":"Shaded","section":"Shading Mode"},"sceneLighting":false,"audioPlay":false,"sceneViewState":{"showFog":true,"showMaterialUpdate":false,"showSkybox":false,"showFlares":true,"showImageEffects":true,"showParticleSystems":true},"in2DMode":false,"pivot":{"x":0.9558999538421631,"y":0.6426500082015991,"z":0.4814499616622925},"rotation":{"x":-0.004553763195872307,"y":0.8120931386947632,"z":-0.006345042493194342,"w":-0.5835406184196472},"size":6.913115978240967,"orthographic":false}